channel,결제진행,관심,구매완료,유입,활동,Revenue,CVR
Direct,12,77,0,562,209,0.0,0.0
구글 Organic,23,131,0,356,274,0.0,0.0
구글 검색,0,1,0,5,3,0.0,0.0
구분 불가 (not set),0,2,0,2,8,0.0,0.0
기타,0,8,1,42,24,0.0,2.380952380952381
네이버 Organic,11,49,1,150,90,0.0,0.6666666666666667
메타 광고,41,283,23,2074,470,0.0,1.1089681774349083
브런치,1,5,1,6,1,0.0,16.666666666666664
스케일업스쿼드_direct,4,28,0,67,44,0.0,0.0
이메일,0,0,0,3,0,0.0,0.0
이오플래닛,0,1,0,6,3,0.0,0.0
채널톡,1,6,0,13,9,0.0,0.0
채용,0,13,0,54,29,0.0,0.0
