월 구분,type,비용_예측,노출_예측,클릭_예측,전환수_예측,전환값_예측
2025-10,actual,3754478.0,169192.0,3504.0,167.0,6063820.0
2025-11,actual,16703689.0,1219221.0,23231.0,784.0,29914182.0
2025-11,forecast,2724813.7753282543,176045.0,3217.0,118.47828704705445,4765472.193718877
2025-12,forecast,14985730.13484982,951902.0,17283.0,611.1863576443138,26952339.74275349
