월 구분,type,비용_예측,노출_예측,클릭_예측,전환수_예측,전환값_예측
2025-10,actual,2791649.0,124097.0,2535.0,123.0,4718720.0
2025-11,actual,17391013.0,1265082.0,24198.0,822.0,31498482.0
2025-11,forecast,2074314.2637897679,136374.0,2486.0,89.24407925867732,3620466.482995162
2025-12,forecast,15556331.328947892,996686.0,18112.0,642.6397802665163,28830838.564975083
