월 구분,type,비용_예측,노출_예측,클릭_예측,전환수_예측,전환값_예측
2025-10,actual,11589039.38495,1078729,13398,594.773728,19600823.6312
2025-11,actual,11424644.404192,1432139,16690,540.939021,16914471.505599998
2025-11,forecast,6887632.86579726,832544,9936,314.11312056928597,10041152.157830095
2025-12,forecast,10913220.210559905,1332393,16004,442.3080531779586,14097379.420479262
