월 구분,type,비용_예측,노출_예측,클릭_예측,전환수_예측,전환값_예측
2025-06,actual,30249479.0,2044291.0,39859.0,1640.0,49187626.0
2025-07,actual,37525141.0,2717094.0,52661.0,2630.0,83924178.0
2025-08,actual,38431928.0,2646637.0,51560.0,2374.0,74399559.0
2025-09,actual,31851795.0,1667007.0,31940.0,1612.0,54119843.0
2025-10,actual,30897419.0,1800690.0,34905.0,1566.0,53977251.0
2025-11,actual,18148752.0,1312095.0,25269.0,865.0,33322482.0
2025-11,forecast,1425709.1732720304,94900.0,1754.0,63.745329860403785,2515479.7260882584
2025-12,forecast,16214496.34449135,1031963.0,18866.0,687.7883153701914,30169898.057107132
