월 구분,type,비용_예측,노출_예측,클릭_예측,전환수_예측,전환값_예측
2025-11,actual,381.53,37203,1578,26.0,2400.1
2025-12,actual,553.15,71993,2640,8.0,1368.82
2025-12,forecast,325.18057033001367,41815,1507,14.165650798132349,1436.79994091686
2026-01,forecast,795.342172786575,102780,3573,34.956235728393956,3529.553287685441
