월 구분,type,비용_예측,노출_예측,클릭_예측,전환수_예측,전환값_예측
2025-10,actual,12828714.89835,1214940,15113,645.773728,21190323.6312
2025-11,actual,11413000.96185,1428728,16659,543.939021,16989071.505599998
2025-11,forecast,258363.33670658915,92397,2140,16.14446915572844,502137.4424793803
2025-12,forecast,0.0,0,2760,2.34441700574404,5013.611269968642
