월 구분,type,비용_예측,노출_예측,클릭_예측,전환수_예측,전환값_예측
2025-10,actual,12828714.89835,1214940,15113,645.773728,21190323.6312
2025-11,actual,11413000.96185,1428728,16659,543.939021,16989071.505599998
2025-11,forecast,8328114.230334656,980285,11538,373.3428400793201,12337200.10061698
2025-12,forecast,12065220.63557703,1394015,16499,477.7643083276822,16130416.737559047
