월 구분,type,비용_예측,노출_예측,클릭_예측,전환수_예측,전환값_예측
2025-11,actual,17241701.0,1307883.0,25323.0,835.0,33477960.0
2025-12,actual,1508936.0,103739.0,1827.0,68.0,2580000.0
2025-12,forecast,16198405.769519685,1044771.0,19425.0,669.06593374559,30238155.339128755
2026-01,forecast,962567.1115735514,62032.0,1105.0,33.82802847394139,1836839.584810243
