월 구분,type,비용_예측,노출_예측,클릭_예측,전환수_예측,전환값_예측
2025-11,actual,14913101.0,1153852.0,22008.0,713.0,29364360.0
2025-12,actual,4331082.0,282349.0,5621.0,218.0,8547900.0
2025-12,forecast,13779701.251743415,879821.0,16780.0,577.4810966191534,27535740.894219406
2026-01,forecast,3051290.8672954077,199445.0,3738.0,113.40614759762596,6191743.8046089
