월 구분,type,비용_예측,노출_예측,클릭_예측,전환수_예측,전환값_예측
2025-10,actual,1903029.0,81803.0,1671.0,84.0,3503020.0
2025-11,actual,18148752.0,1312095.0,25269.0,865.0,33322482.0
2025-11,forecast,1425709.1732720304,94900.0,1754.0,63.745329860403785,2515479.7260882584
2025-12,forecast,16214496.34449135,1031963.0,18866.0,687.7883153701914,30169898.057107132
