월 구분,type,비용_예측,노출_예측,클릭_예측,전환수_예측,전환값_예측
2025-11,actual,140514.0,9753,312,8.0,1723740.0
2025-12,actual,635043.0,33012,1049,29.0,3638524.0
2025-12,forecast,218854.091909654,19623,1186,3.3103999332235325,501772.56803091103
2026-01,forecast,604711.2676450233,54992,3333,9.781596022089396,1490034.4310769055
