월 구분,type,비용_예측,노출_예측,클릭_예측,전환수_예측,전환값_예측
2025-10,actual,10371014.09005,944321,11862,547.776451,17903404.232
2025-11,actual,11438616.190815,1435688,16763,540.939021,16914471.505599998
2025-11,forecast,5965659.464492953,719085,8587,286.3946247246752,9542758.19346575
2025-12,forecast,10827121.896985969,1321214,15872,476.2510625669819,16438541.597184623
