{
  "brand": {
    "기존제품": {
      "total_cost": 4197291.403845,
      "total_revenue": 5389577.6244,
      "total_conversions": 184.909589,
      "roas": 128.41,
      "cpa": 22699.15,
      "cvr": 2.54
    },
    "신제품": {
      "total_cost": 2715231.0,
      "total_revenue": 5287800.0,
      "total_conversions": 135.0,
      "roas": 194.75,
      "cpa": 20112.82,
      "cvr": 2.97
    }
  },
  "channel": {
    "GFA_카탈로그": {
      "total_cost": 70467.0,
      "total_revenue": 29800.0,
      "total_conversions": 1.0,
      "roas": 42.29,
      "cpa": 70467.0,
      "cvr": 0.67
    },
    "GFA_애드부스트": {
      "total_cost": 1652433.0,
      "total_revenue": 2271090.0,
      "total_conversions": 103.0,
      "roas": 137.44,
      "cpa": 16043.04,
      "cvr": 4.34
    },
    "메타_트래픽": {
      "total_cost": 387331.0,
      "total_revenue": 48600.0,
      "total_conversions": 2.0,
      "roas": 12.55,
      "cpa": 193665.5,
      "cvr": 0.14
    },
    "메타_전환": {
      "total_cost": 9483412.0,
      "total_revenue": 16569040.0,
      "total_conversions": 463.0,
      "roas": 174.72,
      "cpa": 20482.53,
      "cvr": 3.9
    },
    "메타_도달": {
      "total_cost": 235857.0,
      "total_revenue": 0.0,
      "total_conversions": 0.0,
      "roas": 0.0,
      "cpa": 0,
      "cvr": 0.0
    },
    "구글_실적최대화": {
      "total_cost": 1361937.4241550001,
      "total_revenue": 854427.6244000001,
      "total_conversions": 31.909589,
      "roas": 62.74,
      "cpa": 42681.13,
      "cvr": 1.24
    },
    "구글_쇼핑": {
      "total_cost": 22371.0,
      "total_revenue": 0.0,
      "total_conversions": 0.0,
      "roas": 0.0,
      "cpa": 0,
      "cvr": 0.0
    }
  },
  "product": {
    "기타": {
      "total_cost": 1857184.0,
      "total_revenue": 2486520.0,
      "total_conversions": 100.0,
      "roas": 133.89,
      "cpa": 18571.84,
      "cvr": 4.09
    },
    "발매트": {
      "total_cost": 2298841.4241550006,
      "total_revenue": 2109197.6244,
      "total_conversions": 79.909589,
      "roas": 91.75,
      "cpa": 28768.03,
      "cvr": 2.29
    },
    "파우치": {
      "total_cost": 1751011.0,
      "total_revenue": 4166900.0,
      "total_conversions": 137.0,
      "roas": 237.97,
      "cpa": 12781.1,
      "cvr": 2.67
    },
    "호랑이러그": {
      "total_cost": 59415.0,
      "total_revenue": 119200.0,
      "total_conversions": 4.0,
      "roas": 200.62,
      "cpa": 14853.75,
      "cvr": 3.39
    },
    "룸슈즈": {
      "total_cost": 1041286.9796900001,
      "total_revenue": 1575600.0,
      "total_conversions": 45.0,
      "roas": 151.31,
      "cpa": 23139.71,
      "cvr": 3.42
    },
    "블랭킷": {
      "total_cost": 657570.0,
      "total_revenue": 1339000.0,
      "total_conversions": 24.0,
      "roas": 203.63,
      "cpa": 27398.75,
      "cvr": 3.46
    },
    "앞치마": {
      "total_cost": 659809.0,
      "total_revenue": 799300.0,
      "total_conversions": 23.0,
      "roas": 121.14,
      "cpa": 28687.35,
      "cvr": 4.31
    },
    "잠옷": {
      "total_cost": 122246.0,
      "total_revenue": 0.0,
      "total_conversions": 0.0,
      "roas": 0.0,
      "cpa": 0,
      "cvr": 0.0
    },
    "파자마": {
      "total_cost": 411060.0,
      "total_revenue": 1047800.0,
      "total_conversions": 15.0,
      "roas": 254.9,
      "cpa": 27404.0,
      "cvr": 3.32
    },
    "목욕가운": {
      "total_cost": 93265.0,
      "total_revenue": 0.0,
      "total_conversions": 0.0,
      "roas": 0.0,
      "cpa": 0,
      "cvr": 0.0
    }
  },
  "promotion": {
    "카탈로그 프로모션": {
      "total_cost": 70467.0,
      "total_revenue": 29800.0,
      "total_conversions": 1.0,
      "roas": 42.29,
      "cpa": 70467.0,
      "cvr": 0.67
    },
    "기타": {
      "total_cost": 5125171.403845,
      "total_revenue": 6863877.6244,
      "total_conversions": 223.909589,
      "roas": 133.92,
      "cpa": 22889.47,
      "cvr": 2.54
    }
  }
}