유형구분,비용,노출,클릭,전환수,전환값,ROAS,CPA,CPC,CTR,CVR
구분필요,91276946,2841814,77625.0,1164,782062500,856.8017821279866,78416.6202749141,1175.8704798711756,2.7315299312340637,1.4995169082125603
