유형구분,비용,노출,클릭,전환수,전환값,ROAS,CPA,CPC,CTR,CVR
구글_디맨드젠,8931840.99,3611108.0,19278.0,459.58,12530673.36,140.29216791957242,19434.790439096567,463.3178229069406,0.5338527676269998,2.383960991804129
구분필요,94434600.61,51352868.0,258708.0,6431.1,182068477.52,192.7984831236954,14684.051034815195,365.0238902933036,0.5037849103189329,2.4858527761027878
네이버_브랜드검색광고,19689960.0,56916.0,15410.0,652.0,99000800.0,502.7983804944245,30199.325153374233,1277.7391304347825,27.074987701173658,4.231018818948735
네이버_쇼핑검색,41023818.0,3743412.0,33790.0,784.0,77559960.0,189.06080365313633,52326.29846938775,1214.0816217815923,0.9026524464846509,2.3202130807931343
네이버_신제품검색광고,714994.0,7386.0,494.0,4.0,741000.0,103.63723331944044,178748.5,1447.3562753036438,6.688329271594909,0.8097165991902834
네이버_파워링크,9530444.0,1469330.0,12970.0,266.0,27648840.0,290.11072306809626,35828.73684210526,734.8067848882035,0.8827152511689002,2.0508866615266
메타_도달,1179285.0,42765.0,30.0,0.0,0.0,0.0,0.0,39309.5,0.07015082427218519,0.0
메타_전환,1081287424.0,68450428.0,1218242.0,63030.0,2063610932.0,190.84758466588804,17155.12333809297,887.5801556669364,1.7797434371045862,5.173848874033238
메타_트래픽,48357500.0,5663996.0,186854.0,670.0,15778700.0,32.629271571111,72175.37313432836,258.7983131214745,3.298978318487513,0.3585687221038886
