유형구분,비용,노출,클릭,전환수,전환값,ROAS,CPA,CPC,CTR,CVR
메타_전환,22724.229418,2199134,88373,1040,98906.83,435.2483341928211,21.85022059423077,0.25713995697780995,4.0185363875052635,1.1768300272707726
메타_트래픽,12319.740001,1875793,117301,110,11308.99,91.79568723919533,111.99763637272727,0.10502672612339196,6.253408558407031,0.0937758416381787
