유형구분,비용,노출,링크클릭,전환수,전환값,ROAS,CPA,CPC,CTR,CVR
구글_디맨드젠,8942199.02,3612014.0,19311.0,459.58,12530673.36,140.1296630948838,19457.328473823927,463.06245248821915,0.5346324792761047,2.37988711097302
구분필요,94434611.2,51352907.0,258708.0,6413.09,181395877.55,192.08622267298537,14725.290179928865,365.0239312274843,0.5037845277191416,2.4788912596440773
네이버_브랜드검색광고,19689999.6,0.0,0.0,0.0,0.0,0.0,0.0,0.0,0.0,0.0
네이버_쇼핑검색,41023818.0,3743412.0,33790.0,784.0,77559960.0,189.06080365313633,52326.29846938775,1214.0816217815923,0.9026524464846509,2.3202130807931343
네이버_신제품검색광고,714994.0,64302.0,15904.0,656.0,99741800.0,13950.019160999951,1089.9298780487804,44.956866197183096,24.733289788809056,4.124748490945674
네이버_파워링크,9530444.0,1469330.0,12970.0,266.0,27648840.0,290.11072306809626,35828.73684210526,734.8067848882035,0.8827152511689002,2.0508866615266
메타_도달,1179285.0,42765.0,30.0,0.0,0.0,0.0,0.0,39309.5,0.07015082427218519,0.0
메타_전환,1055684930.0,66759407.0,1183530.0,61760.0,2007451692.0,190.15632741863618,17093.344073834196,891.9798653181584,1.7728288089796842,5.218287664866965
메타_트래픽,48357500.0,5663996.0,186854.0,670.0,15778700.0,32.629271571111,72175.37313432836,258.7983131214745,3.298978318487513,0.3585687221038886
