유형구분,비용,노출,클릭,전환수,전환값,ROAS,CPA,CPC,CTR,CVR
메타_전환,42583313,3161848,178231,2405,355898636,835.77019007422,17706.159251559253,238.9220337651699,5.636924988171475,1.3493724436265297
메타_트래픽,109155,5310,365,0,0,0.0,0.0,299.05479452054794,6.87382297551789,0.0
