유형구분,비용,노출,클릭,전환수,전환값,ROAS,CPA,CPC,CTR,CVR
메타_도달,1613930,103835,360,0,0,0.0,0.0,4483.138888888889,0.3467039052342659,0.0
메타_인지,389925,301790,110,0,0,0.0,0.0,3544.7727272727275,0.03644918652042811,0.0
메타_전환,91030425,5378000,186409,1755,202423100,222.36862016188545,51869.18803418803,488.3370706350015,3.4661398289326883,0.9414781475143368
메타_트래픽,21449875,2719560,203339,5,327000,1.5244844084172986,4289975.0,105.48824868815132,7.4769080292400245,0.002458947865387358
